instrument_id,ticker,name,asset_type,sector,telda_available,telda_verified_on
ACAP,ACAP,ACAP,EQUITY,,true,2026-08-25
ADIB,ADIB,ADIB,EQUITY,,true,2026-08-25
ABUK,ABUK,Abu Qir Fertilizers and Chemical Industries,EQUITY,,true,2026-08-25
ACRO,ACRO,ACRO,EQUITY,,true,2026-08-25
ACTF,ACTF,ACTF,EQUITY,,true,2026-08-25
APPC,APPC,APPC,EQUITY,,true,2026-08-25
AJWA,AJWA,AJWA,EQUITY,,true,2026-08-25
AFDI,AFDI,AFDI,EQUITY,,true,2026-08-25
SAUD,SAUD,SAUD,EQUITY,,true,2026-08-25
IRAX.CA,IRAX.CA,IRAX.CA,EQUITY,,true,2026-08-25
AMES,AMES,AMES,EQUITY,,true,2026-08-25
AMOC,AMOC,AMOC,EQUITY,,true,2026-08-25
AXPH,AXPH,AXPH,EQUITY,,true,2026-08-25
ALEX,ALEX,ALEX,EQUITY,,true,2026-08-25
SPIN,SPIN,SPIN,EQUITY,,true,2026-08-25
AMER,AMER,AMER,EQUITY,,true,2026-08-25
ALUM,ALUM,ALUM,EQUITY,,true,2026-08-25
ACAMD,ACAMD,ACAMD,EQUITY,,true,2026-08-25
AMII,AMII,AMII,EQUITY,,true,2026-08-25
ACGC,ACGC,ACGC,EQUITY,,true,2026-08-25
ECAP,ECAP,ECAP,EQUITY,,true,2026-08-25
FNAR,FNAR,FNAR,EQUITY,,true,2026-08-25
KRDI,KRDI,KRDI,EQUITY,,true,2026-08-25
AMPI,AMPI,AMPI,EQUITY,,true,2026-08-25
ELSH,ELSH,ELSH,EQUITY,,true,2026-08-25
ATLC,ATLC,ATLC,EQUITY,,true,2026-08-25
ALCN,ALCN,ALCN,EQUITY,,true,2026-08-25
AFMC,AFMC,AFMC,EQUITY,,true,2026-08-25
ARAB,ARAB,ARAB,EQUITY,,true,2026-08-25
ADCI,ADCI,ADCI,EQUITY,,true,2026-08-25
EEII,EEII,EEII,EQUITY,,true,2026-08-25
ADRI,ADRI,ADRI,EQUITY,,true,2026-08-25
AMIA,AMIA,AMIA,EQUITY,,true,2026-08-25
APSW,APSW,APSW,EQUITY,,true,2026-08-25
RREI,RREI,RREI,EQUITY,,true,2026-08-25
AIDC,AIDC,AIDC,EQUITY,,true,2026-08-25
AIH,AIH,AIH,EQUITY,,true,2026-08-25
ARCC,ARCC,ARCC,EQUITY,,true,2026-08-25
DOMT,DOMT,DOMT,EQUITY,,true,2026-08-25
ASCM,ASCM,ASCM,EQUITY,,true,2026-08-25
ASPI,ASPI,ASPI,EQUITY,,true,2026-08-25
AIFI,AIFI,AIFI,EQUITY,,true,2026-08-25
BINV,BINV,BINV,EQUITY,,true,2026-08-25
BIGP,BIGP,BIGP,EQUITY,,true,2026-08-25
BTFH,BTFH,BTFH,EQUITY,,true,2026-08-25
BONY,BONY,BONY,EQUITY,,true,2026-08-25
CAED,CAED,CAED,EQUITY,,true,2026-08-25
CIRA,CIRA,CIRA,EQUITY,,true,2026-08-25
COSG,COSG,COSG,EQUITY,,true,2026-08-25
POUL,POUL,POUL,EQUITY,,true,2026-08-25
CSAG,CSAG,CSAG,EQUITY,,true,2026-08-25
CPME,CPME,CPME,EQUITY,,true,2026-08-25
KASABF,KASABF,KASABF,FUND,,true,2026-08-25
CICH,CICH,CICH,EQUITY,,true,2026-08-25
CLHO,CLHO,CLHO,EQUITY,,true,2026-08-25
COMI,COMI,Commercial International Bank (Egypt),EQUITY,,true,2026-08-25
CNFN,CNFN,CNFN,EQUITY,,true,2026-08-25
COPR,COPR,COPR,EQUITY,,true,2026-08-25
CRST,CRST,CRST,EQUITY,,true,2026-08-25
CIEB,CIEB,CIEB,EQUITY,,true,2026-08-25
DCRC,DCRC,DCRC,EQUITY,,true,2026-08-25
DTPP,DTPP,DTPP,EQUITY,,true,2026-08-25
DEIN,DEIN,DEIN,EQUITY,,true,2026-08-25
SUGR,SUGR,SUGR,EQUITY,,true,2026-08-25
DAPH,DAPH,DAPH,EQUITY,,true,2026-08-25
DSCW,DSCW,DSCW,EQUITY,,true,2026-08-25
DGTZ,DGTZ,DGTZ,EQUITY,,true,2026-08-25
EFIH,EFIH,EFIH,EQUITY,,true,2026-08-25
EDFM,EDFM,EDFM,EQUITY,,true,2026-08-25
EAST,EAST,Eastern Company,EQUITY,,true,2026-08-25
EFID,EFID,EFID,EQUITY,,true,2026-08-25
HRHO,HRHO,EFG Holding,EQUITY,,true,2026-08-25
EGX30ETF,EGX30ETF,EGX30ETF,ETF,,true,2026-08-25
EGAL,EGAL,EGAL,EQUITY,,true,2026-08-25
EPCO,EPCO,EPCO,EQUITY,,true,2026-08-25
MFSC,MFSC,MFSC,EQUITY,,true,2026-08-25
EGAS,EGAS,EGAS,EQUITY,,true,2026-08-25
MISR,MISR,MISR,EQUITY,,true,2026-08-25
ESAC,ESAC,ESAC,EQUITY,,true,2026-08-25
EASB,EASB,EASB,EQUITY,,true,2026-08-25
EGCH,EGCH,EGCH,EQUITY,,true,2026-08-25
EFIC,EFIC,EFIC,EQUITY,,true,2026-08-25
PHAR,PHAR,PHAR,EQUITY,,true,2026-08-25
EITP,EITP,EITP,EQUITY,,true,2026-08-25
IRON,IRON,IRON,EQUITY,,true,2026-08-25
MPRC,MPRC,MPRC,EQUITY,,true,2026-08-25
MOED,MOED,MOED,EQUITY,,true,2026-08-25
EGTS,EGTS,EGTS,EQUITY,,true,2026-08-25
ETRS,ETRS,ETRS,EQUITY,,true,2026-08-25
EHDR,EHDR,EHDR,EQUITY,,true,2026-08-25
EGREF,EGREF,EGREF,EQUITY,,true,2026-08-25
EPPK,EPPK,EPPK,EQUITY,,true,2026-08-25
EALR,EALR,EALR,EQUITY,,true,2026-08-25
BIDI,BIDI,BIDI,EQUITY,,true,2026-08-25
ICFC,ICFC,ICFC,EQUITY,,true,2026-08-25
KWIN,KWIN,KWIN,EQUITY,,true,2026-08-25
ELKA,ELKA,ELKA,EQUITY,,true,2026-08-25
KABO,KABO,KABO,EQUITY,,true,2026-08-25
ELNA,ELNA,ELNA,EQUITY,,true,2026-08-25
OBRI,OBRI,OBRI,EQUITY,,true,2026-08-25
EOSB,EOSB,EOSB,EQUITY,,true,2026-08-25
ELEC,ELEC,ELEC,EQUITY,,true,2026-08-25
UEGC,UEGC,UEGC,EQUITY,,true,2026-08-25
SWDY,SWDY,Elsewedy Electric,EQUITY,,true,2026-08-25
ELWA,ELWA,ELWA,EQUITY,,true,2026-08-25
EMFD,EMFD,EMFD,EQUITY,,true,2026-08-25
EXPA,EXPA,EXPA,EQUITY,,true,2026-08-25
ZEOT,ZEOT,ZEOT,EQUITY,,true,2026-08-25
ESRS,ESRS,ESRS,EQUITY,,false,
FAIT,FAIT,FAIT,EQUITY,,true,2026-08-25
FWRY,FWRY,FWRY,EQUITY,,true,2026-08-25
FERC,FERC,FERC,EQUITY,,true,2026-08-25
FIRE,FIRE,FIRE,EQUITY,,true,2026-08-25
FTNS,FTNS,FTNS,EQUITY,,true,2026-08-25
FCMD,FCMD,FCMD,EQUITY,,true,2026-08-25
GDWA,GDWA,GDWA,EQUITY,,true,2026-08-25
GBCO,GBCO,GBCO,EQUITY,,true,2026-08-25
PRCL,PRCL,PRCL,EQUITY,,true,2026-08-25
AALR,AALR,AALR,EQUITY,,true,2026-08-25
GSSC,GSSC,GSSC,EQUITY,,true,2026-08-25
GIHD,GIHD,GIHD,EQUITY,,true,2026-08-25
GGCC,GGCC,GGCC,EQUITY,,true,2026-08-25
BIOC,BIOC,BIOC,EQUITY,,true,2026-08-25
GTHE,GTHE,GTHE,EQUITY,,true,2026-08-25
GMCI,GMCI,GMCI,EQUITY,,true,2026-08-25
GGRN,GGRN,GGRN,EQUITY,,true,2026-08-25
GOCO,GOCO,GOCO,EQUITY,,true,2026-08-25
GTWL,GTWL,GTWL,EQUITY,,true,2026-08-25
GOUR,GOUR,GOUR,EQUITY,,true,2026-08-25
GPIM,GPIM,GPIM,EQUITY,,true,2026-08-25
GRCA,GRCA,GRCA,EQUITY,,true,2026-08-25
CCRS,CCRS,CCRS,EQUITY,,true,2026-08-25
HELI,HELI,HELI,EQUITY,,true,2026-08-25
HBCO,HBCO,HBCO,EQUITY,,true,2026-08-25
HDBK,HDBK,HDBK,EQUITY,,true,2026-08-25
ISPH,ISPH,ISPH,EQUITY,,true,2026-08-25
IEEC,IEEC,IEEC,EQUITY,,true,2026-08-25
ENGC,ENGC,ENGC,EQUITY,,true,2026-08-25
INEG,INEG,INEG,EQUITY,,true,2026-08-25
IFAP,IFAP,IFAP,EQUITY,,true,2026-08-25
IBCT,IBCT,IBCT,EQUITY,,true,2026-08-25
ICID,ICID,ICID,EQUITY,,true,2026-08-25
ICLE,ICLE,ICLE,EQUITY,,true,2026-08-25
DIFC,DIFC,DIFC,EQUITY,,true,2026-08-25
ISMQ,ISMQ,ISMQ,EQUITY,,true,2026-08-25
ISMA,ISMA,ISMA,EQUITY,,true,2026-08-25
INFI,INFI,INFI,EQUITY,,true,2026-08-25
JUFO,JUFO,JUFO,EQUITY,,true,2026-08-25
KZPC,KZPC,KZPC,EQUITY,,true,2026-08-25
CPCI,CPCI,CPCI,EQUITY,,true,2026-08-25
KORA,KORA,KORA,EQUITY,,true,2026-08-25
LCSW,LCSW,LCSW,EQUITY,,true,2026-08-25
LUTS,LUTS,LUTS,EQUITY,,true,2026-08-25
MCRO,MCRO,MCRO,EQUITY,,true,2026-08-25
MASR,MASR,MASR,EQUITY,,true,2026-08-25
MPCO,MPCO,MPCO,EQUITY,,true,2026-08-25
MMAT,MMAT,MMAT,EQUITY,,true,2026-08-25
MAAL,MAAL,MAAL,EQUITY,,true,2026-08-25
MICH,MICH,MICH,EQUITY,,true,2026-08-25
MFPC,MFPC,MFPC,EQUITY,,true,2026-08-25
MHOT,MHOT,MHOT,EQUITY,,true,2026-08-25
MKIT,MKIT,MKIT,EQUITY,,true,2026-08-25
ATQA,ATQA,ATQA,EQUITY,,true,2026-08-25
MOSC,MOSC,MOSC,EQUITY,,true,2026-08-25
MTIE,MTIE,MTIE,EQUITY,,true,2026-08-25
WATP,WATP,WATP,EQUITY,,true,2026-08-25
SMPP,SMPP,SMPP,EQUITY,,true,2026-08-25
MOIN,MOIN,MOIN,EQUITY,,true,2026-08-25
MBEG,MBEG,MBEG,EQUITY,,true,2026-08-25
MEPA,MEPA,MEPA,EQUITY,,true,2026-08-25
MPCI,MPCI,MPCI,EQUITY,,true,2026-08-25
MENA,MENA,MENA,EQUITY,,true,2026-08-25
WCDF,WCDF,WCDF,EQUITY,,true,2026-08-25
MEGM,MEGM,MEGM,EQUITY,,true,2026-08-25
CEFM,CEFM,CEFM,EQUITY,,true,2026-08-25
MIPH,MIPH,MIPH,EQUITY,,true,2026-08-25
MBSC,MBSC,MBSC,EQUITY,,true,2026-08-25
MCQE,MCQE,MCQE,EQUITY,,true,2026-08-25
NARE,NARE,NARE,EQUITY,,true,2026-08-25
NCCW,NCCW,NCCW,EQUITY,,true,2026-08-25
NBKE,NBKE,NBKE,EQUITY,,true,2026-08-25
NHPS,NHPS,NHPS,EQUITY,,true,2026-08-25
NAPR,NAPR,NAPR,EQUITY,,true,2026-08-25
IDRE,IDRE,IDRE,EQUITY,,true,2026-08-25
NCGC,NCGC,NCGC,EQUITY,,true,2026-08-25
NIPH,NIPH,NIPH,EQUITY,,true,2026-08-25
MILS,MILS,MILS,EQUITY,,true,2026-08-25
NEDA,NEDA,NEDA,EQUITY,,true,2026-08-25
NINH,NINH,NINH,EQUITY,,true,2026-08-25
OFH,OFH,OFH,EQUITY,,true,2026-08-25
OLFI,OLFI,OLFI,EQUITY,,true,2026-08-25
OCPH,OCPH,OCPH,EQUITY,,true,2026-08-25
ODIN,ODIN,ODIN,EQUITY,,true,2026-08-25
ORAS,ORAS,ORAS,EQUITY,,true,2026-08-25
ORHD,ORHD,ORHD,EQUITY,,true,2026-08-25
OIH,OIH,OIH,EQUITY,,true,2026-08-25
ORWE,ORWE,ORWE,EQUITY,,true,2026-08-25
EBSC,EBSC,EBSC,EQUITY,,true,2026-08-25
PACH.CA,PACH.CA,PACH.CA,EQUITY,,true,2026-08-25
PHDC,PHDC,PHDC,EQUITY,,true,2026-08-25
SIMO,SIMO,SIMO,EQUITY,,true,2026-08-25
PRDC,PRDC,PRDC,EQUITY,,true,2026-08-25
PHGC,PHGC,PHGC,EQUITY,,true,2026-08-25
PRMH,PRMH,PRMH,EQUITY,,true,2026-08-25
PHTV,PHTV,PHTV,EQUITY,,true,2026-08-25
CCAP,CCAP,CCAP,EQUITY,,true,2026-08-25
QNBE,QNBE,QNBE,EQUITY,,true,2026-08-25
RAKT,RAKT,RAKT,EQUITY,,true,2026-08-25
RACC,RACC,RACC,EQUITY,,true,2026-08-25
RAYA,RAYA,RAYA,EQUITY,,true,2026-08-25
AREH,AREH,AREH,EQUITY,,true,2026-08-25
RKAZ,RKAZ,RKAZ,EQUITY,,true,2026-08-25
RTVC,RTVC,RTVC,EQUITY,,true,2026-08-25
RMTV,RMTV,RMTV,EQUITY,,true,2026-08-25
ROTO,ROTO,ROTO,EQUITY,,true,2026-08-25
RUBX,RUBX,RUBX,EQUITY,,true,2026-08-25
SIPC,SIPC,SIPC,EQUITY,,true,2026-08-25
SMFR,SMFR,SMFR,EQUITY,,true,2026-08-25
SNFC,SNFC,SNFC,EQUITY,,true,2026-08-25
SDTI,SDTI,SDTI,EQUITY,,true,2026-08-25
SKPC,SKPC,SKPC,EQUITY,,true,2026-08-25
SCEM,SCEM,SCEM,EQUITY,,true,2026-08-25
OCDI,OCDI,OCDI,EQUITY,,true,2026-08-25
SNFI,SNFI,SNFI,EQUITY,,true,2026-08-25
SCFM,SCFM,SCFM,EQUITY,,true,2026-08-25
SVCE,SVCE,SVCE,EQUITY,,true,2026-08-25
SPMD,SPMD,SPMD,EQUITY,,true,2026-08-25
CANA,CANA,CANA,EQUITY,,true,2026-08-25
HCFI,HCFI,HCFI,EQUITY,,true,2026-08-25
UBEE,UBEE,UBEE,EQUITY,,true,2026-08-25
TORA.CA,TORA.CA,TORA.CA,EQUITY,,true,2026-08-25
TYCN,TYCN,TYCN,EQUITY,,true,2026-08-25
VALU,VALU,VALU,EQUITY,,true,2026-08-25
UPMS,UPMS,UPMS,EQUITY,,true,2026-08-25
UASG,UASG,UASG,EQUITY,,true,2026-08-25
UNIT,UNIT,UNIT,EQUITY,,true,2026-08-25
UNIP,UNIP,UNIP,EQUITY,,true,2026-08-25
UEFM,UEFM,UEFM,EQUITY,,true,2026-08-25
UTOP,UTOP,UTOP,EQUITY,,true,2026-08-25
VLMRA,VLMRA,VLMRA,EQUITY,,true,2026-08-25
VERT,VERT,VERT,EQUITY,,true,2026-08-25
WKOL,WKOL,WKOL,EQUITY,,true,2026-08-25
ZMID,ZMID,ZMID,EQUITY,,true,2026-08-25
ETEL,ETEL,Telecom Egypt,EQUITY,,true,2026-08-25
TMGH,TMGH,Talaat Moustafa Group Holding,EQUITY,,true,2026-08-25
